{"count":1,"self":3967.7726719999996,"total":8456.0275241999989,"children":{"InitializeActuators":{"count":5,"self":0.0020063999999999998,"total":0.0020063999999999998,"children":null},"InitializeSensors":{"count":5,"self":0.0020009,"total":0.0020009,"children":null},"AgentSendState":{"count":2909234,"self":107.44268799999999,"total":206.228914,"children":{"CollectObservations":{"count":2909235,"self":8.874176,"total":8.8741757,"children":null},"WriteActionMask":{"count":2909235,"self":1.9896041999999998,"total":1.9896041999999998,"children":null},"RequestDecision":{"count":2909235,"self":8.039205599999999,"total":87.9224508,"children":{"AgentInfo.ToProto":{"count":2909235,"self":7.7595024,"total":79.8832455,"children":{"GenerateSensorData":{"count":2909235,"self":64.173452799999993,"total":72.1237427,"children":{"RayPerceptionSensor.Perceive":{"count":8727705,"self":7.9502928,"total":7.9502925,"children":null}}}}}}}}},"DecideAction":{"count":2909234,"self":4241.3309952,"total":4241.3308173,"children":null},"AgentAct":{"count":2909234,"self":40.5889472,"total":40.6899307,"children":{"AgentInfo.ToProto":{"count":2905,"self":0.013036899999999999,"total":0.1009851,"children":{"GenerateSensorData":{"count":2905,"self":0.0799394,"total":0.08794819999999999,"children":{"RayPerceptionSensor.Perceive":{"count":8715,"self":0.0080088,"total":0.0080088,"children":null}}}}}}}},"gauges":{"Hummingbird.CumulativeReward":{"count":2905,"max":63.65456,"min":0,"runningAverage":39.1797676,"value":47.901722,"weightedAverage":45.82043}},"metadata":{"timer_format_version":"0.1.0","start_time_seconds":"1646767445","unity_version":"2020.3.27f1","command_line_arguments":"D:\\Soft\\Unity\\Editor\\2020.3.27f1\\Editor\\Unity.exe -projectpath D:\\NYU\\Unity_Projects\\HummingBird -useHub -hubIPC -cloudEnvironment production -licensingIpc LicenseClient-yuriw -hubSessionId 3dc481b0-9bbf-11ec-930d-9dd751a5ee52 -accessToken g-yEr9WFfiwJ8KyVoyJDrncm0ILn2xGqmu-CWXniziU002f","communication_protocol_version":"1.5.0","com.unity.ml-agents_version":"2.2.1-exp.1","scene_name":"Training","end_time_seconds":"1646775901"}}