{"count":1,"self":11.972254399999999,"total":135.06293789999998,"children":{"InitializeActuators":{"count":31,"self":0.0009998,"total":0.0009998,"children":null},"InitializeSensors":{"count":31,"self":0.0029971999999999998,"total":0.0029971999999999998,"children":null},"AgentSendState":{"count":14651,"self":0.257696,"total":1.1398602,"children":{"CollectObservations":{"count":90861,"self":0.10141299999999999,"total":0.10141299999999999,"children":null},"WriteActionMask":{"count":90861,"self":0.0475528,"total":0.0475528,"children":null},"RequestDecision":{"count":90861,"self":0.1518958,"total":0.73319839999999992,"children":{"AgentInfo.ToProto":{"count":90861,"self":0.1495858,"total":0.5813026,"children":{"GenerateSensorData":{"count":90861,"self":0.43171679999999996,"total":0.43171679999999996,"children":null}}}}}}},"DecideAction":{"count":14651,"self":120.80181759999999,"total":120.8018137,"children":null},"AgentAct":{"count":14651,"self":0.91123539999999992,"total":1.1440135999999999,"children":{"AgentInfo.ToProto":{"count":19699,"self":0.0379126,"total":0.2327782,"children":{"GenerateSensorData":{"count":19699,"self":0.1948656,"total":0.1948656,"children":null}}}}}},"gauges":{"CubeAgent.CumulativeReward":{"count":19699,"max":2,"min":1,"runningAverage":1.20117855,"value":1.5,"weightedAverage":1.32306087}},"metadata":{"timer_format_version":"0.1.0","start_time_seconds":"1645599458","unity_version":"2020.3.27f1","command_line_arguments":"D:\\Soft\\Unity\\Editor\\2020.3.27f1\\Editor\\Unity.exe -projectpath D:\\NYU\\Unity_Projects\\ML3DBall -useHub -hubIPC -cloudEnvironment production -licensingIpc LicenseClient-yuriw -hubSessionId 291f65d0-9454-11ec-8055-893a8f98707b -accessToken liKW9jEa1qsX-8PhCZGh8UXrUUhhc-hg52tv3rKJXlE002f","communication_protocol_version":"1.5.0","com.unity.ml-agents_version":"2.2.1-exp.1","scene_name":"CubeAgent2","end_time_seconds":"1645599593"}}