{"count":1,"self":423.3195776,"total":1751.7960285,"children":{"InitializeActuators":{"count":26,"self":0.0019998999999999998,"total":0.0019998999999999998,"children":null},"InitializeSensors":{"count":26,"self":0.0010002,"total":0.0010002,"children":null},"AgentSendState":{"count":321284,"self":4.4568224,"total":21.185466599999998,"children":{"CollectObservations":{"count":1670682,"self":2.3693044,"total":2.3693044,"children":null},"WriteActionMask":{"count":1670682,"self":0.9388166,"total":0.9388166,"children":null},"RequestDecision":{"count":1670682,"self":2.7273419999999997,"total":13.420523,"children":{"AgentInfo.ToProto":{"count":1670682,"self":2.8599204,"total":10.6931811,"children":{"GenerateSensorData":{"count":1670682,"self":7.8332608,"total":7.8332608,"children":null}}}}}}},"DecideAction":{"count":321284,"self":1287.0453248,"total":1287.0453655,"children":null},"AgentAct":{"count":321284,"self":20.1542752,"total":20.242628099999997,"children":{"AgentInfo.ToProto":{"count":4931,"self":0.0174535,"total":0.0883533,"children":{"GenerateSensorData":{"count":4931,"self":0.0708998,"total":0.0708998,"children":null}}}}}},"gauges":{"CubeAgent.CumulativeReward":{"count":4931,"max":100.099045,"min":-0.299999923,"runningAverage":32.90307,"value":100.099045,"weightedAverage":99.758606}},"metadata":{"timer_format_version":"0.1.0","start_time_seconds":"1645600093","unity_version":"2020.3.27f1","command_line_arguments":"D:\\Soft\\Unity\\Editor\\2020.3.27f1\\Editor\\Unity.exe -projectpath D:\\NYU\\Unity_Projects\\ML3DBall -useHub -hubIPC -cloudEnvironment production -licensingIpc LicenseClient-yuriw -hubSessionId 291f65d0-9454-11ec-8055-893a8f98707b -accessToken liKW9jEa1qsX-8PhCZGh8UXrUUhhc-hg52tv3rKJXlE002f","communication_protocol_version":"1.5.0","com.unity.ml-agents_version":"2.2.1-exp.1","scene_name":"CubeAgent","end_time_seconds":"1645601845"}}